BI_1,BI_2,BI_3,Property_1,Property_2,Property_3,diff_BI_step_all,percent_diff_BI_step_all,diff_BI_step_2,percent_diff_BI_step_2,diff_BI_step_3,percent_diff_BI_step_3,diff_Property_step_all,percent_diff_Property_step_all,diff_Property_step_2,percent_diff_Property_step_2,diff_Property_step_3,percent_diff_Property_step_3
213189.2259145,417694.63999999996,416797.72,417694.63999999996,416797.72,416797.72,203608.49408549996,95.50599623977132,204505.41408549994,95.92671168453761,-896.9199999999837,-0.21473102934717664,-896.9199999999837,-0.21473102934717664,-896.9199999999837,-0.21473102934717664,0.0,0.0
